author,content
USER,"Get some work done together, help each other."
Ethan Carter,Sure! Let's get some work done together. How can I help you with your tasks?
Ethan Carter,"Hey team, how's everyone doing with their tasks? Is there anything I can help you with?"
Oliver Bennett,"Thanks, Ethan! I could use some help with optimizing my latest ad campaign and brainstorming ideas for social media content. What do you think?"
Ethan Carter,"Absolutely, Oliver! I'd love to help with that. Let's start by reviewing your current ad campaign. What specific areas do you think need optimization? And we can brainstorm some creative ideas for social media content together!"
Oliver Bennett,"I'm doing well, thanks for asking! I could use some help with optimizing my ad campaign. If anyone has experience with that, I'd appreciate your input!"
Ethan Carter,Hey Oliver! I have some experience with ad campaign optimization. Let's discuss what you've been working on and see how we can improve it together!
Oliver Bennett,"Thanks, Ethan! I think we need to optimize the targeting and ad copy for better engagement. For social media, I was thinking about creating some behind-the-scenes content and maybe some polls to engage our audience. What do you think?"
Ethan Carter,"Those are great ideas, Oliver! Optimizing the targeting and ad copy will definitely help with engagement. For the behind-the-scenes content, we could showcase the team at work or highlight the process behind our products. As for the polls, we can ask our audience about their preferences or opinions on upcoming products. What do you think?"
Oliver Bennett,"That sounds great, Ethan! I've been running a campaign focused on promoting a new product, but I'm not seeing the engagement I hoped for. I think we should look at the ad copy and the audience targeting. What do you suggest we start with?"
